year,clubCode,clubName,state,totalPoints,legacyRank
2021,949avsc,949avsc,,1.5,
2021,a4volsc,A4 Volleyball,CA,18.75,86
2021,aavbcov,aavbcov,,10,
2021,absolnc,Absolute - CA,CA,31.75,52
2021,acavcov,AVC - Cleveland,OH,59.6,26
2021,adrvaia,Adrenaline,IA,7.25,
2021,advergl,Adversity - IL,IL,49.05,
2021,afiveso,Mizuno A5,GA,94.1,2
2021,ajvbals,Austin Juniors,TX,37.25,44
2021,akivapr,Adidas KIVA,KY,83.2,8
2021,alamols,Alamo,TX,37.55,43
2021,alliagl,1st Alliance,IL,68.4,20
2021,allvbso,Alliance VBC - TN,TN,21.65,61
2021,aperfls,Austin Performance,TX,13.65,
2021,aretent,Arete,TX,1.9,
2021,arvcasu,Albuquerque Rebels,NM,0.45,
2021,askylls,Austin Skyline,TX,13.25,95
2021,aspiraz,Aspire (AZ),AZ,25.9,
2021,azevjaz,AZ East Valley Juniors,AZ,12,
2021,azskyaz,AZ Sky,AZ,11.55,68
2021,bevnyge,bevnyge,,6.25,
2021,bomerfl,bomerfl,,11.6,
2021,bsvbcov,bsvbcov,,1.5,
2021,caruncr,Carolina Union ,NC,31.95,51
2021,ccforls,ccforls,,3.5,
2021,ccityho,Circle City,IN,83.5,7
2021,ccjrsso,ccjrsso,,0.1,
2021,chargok,Oklahoma Charge,OK,0.45,
2021,chavbcr,chavbcr,,8,
2021,cityvsc,City VBC,CA,12.75,
2021,cjvvbcr,Carolina Juniors,NC,12.15,
2021,clubvim,Club V,UT,48.05,36
2021,coastsc,Coast,CA,84.85,5
2021,cojrsrm,Colorado Juniors,CO,21.25,78
2021,couvbho,couvbho,,9.15,
2021,cronepm,cronepm,,0.5,
2021,cvbcoov,Cleveland Volleyball Company,,21,
2021,dakwaps,Dakine,,0.45,
2021,dcvbasu,dcvbasu,,3.45,
2021,drivent,Drive Nation Volleyball Club,NA,59.35,27
2021,dsummnt,dsummnt,,0.1,
2021,ecjrvov,ecjrvov,,0.45,
2021,ecjvccr,ecjvccr,,6.55,
2021,ecpwrke,East Coast Power,PA,17.65,
2021,ecvolod,ecvolod,,11.5,
2021,elevaov,Elevation - OH,OH,58.3,28
2021,elitegp,NE Elite,NE,44.1,
2021,encoenc,encoenc,,19,
2021,epicugl,epicugl,,18.75,
2021,evbtcov,Elite VBTC,OH,4.65,
2021,excelnt,Excel - TX,TX,38,42
2021,fcelibg,FC Elite - WI,WI,34.6,
2021,fgsvafl,fgsvafl,,32.7,
2021,fieldnt,FIELDHOUSE VOLLEYBALL CLUB,,8,
2021,fleltfl,fleltfl,,4.65,
2021,fmvbcde,fmvbcde,,1.5,
2021,forcenc,Synergy Force,CA,11.05,
2021,forzasc,Forza1,CA,17.6,
2021,fovbclk,Far Out,MI,26.3,55
2021,frflynt,Frisco Flyers,TX,12.45,
2021,frogsnt,Madfrog,TX,77.1,14
2021,frvbcrm,Front Range,,23,
2021,fsfvbso,fsfvbso,,12,
2021,fsiongl,fsiongl,,19.5,
2021,gjvbcfl,Gainesville Jrs,Fl,25.75,60
2021,gpontfl,Game Point,FL,9.4,
2021,hivevim,hivevim,,20.25,
2021,hoskyls,Houston Skyline,TX,75.4,15
2021,houjrls,Houston Juniors,TX,68.75,19
2021,hpstlgw,HPSTL,MO,17.65,64
2021,hsvbals,Houston Stellar,TX,22.85,
2021,htidefl,htidefl,,18,
2021,hvoltfl,hvoltfl,,6.5,
2021,iarckia,iarckia,,12.5,
2021,idcrsim,Idaho Crush,ID,3.5,
2021,ievbcgl,Illini Elite,IL,21.5,69
2021,invbade,invbade,,18.5,
2021,jaxjrfl,JJVA,FL,1.25,
2021,jtaavfl,Jupiter Volleyball Club,FL,1.5,
2021,ktvbcso,K2,TN,53.55,30
2021,legvclk,Legacy - MI,MI,62.75,23
2021,lexvbpr,lexvbpr,,25.1,
2021,lightfl,lightfl,,7.35,
2021,livwraz,livwraz,,17.5,
2021,mavaspr,mavaspr,,3.6,
2021,mavbcha,Asics MAVS,KS,62.85,22
2021,mavrkov,mavrkov,,9.75,
2021,maxpvfl,maxpvfl,,9,
2021,mcvbagl,mcvbagl,,24.5,
2021,metroch,Metro - DC,DC,67.8,21
2021,mevbcfl,mevbcfl,,10.75,
2021,mhypefl,Miami Hype VBC,FL,12.4,
2021,miavafl,miavafl,,8,
2021,midtnso,midtnso,,5.25,
2021,mievalk,Michigan Elite,Mi,69.25,18
2021,milonsc,Mizuno Long Beach,CA,53.4,31
2021,mlwstbg,Milwaukee Sting,WI,61.75,25
2021,mmjvbde,mmjvbde,,1.9,
2021,mnselno,Minnesota Select,MN,45.75,70
2021,motvpbg,motvpbg,,5,
2021,mpactha,mpactha,,7.25,
2021,msprtov,Mintonette Sports,OH,71,16
2021,munvbho,Asics Munciana,IN,88.1,4
2021,mvbacde,mvbacde,,10.5,
2021,ncvbacr,Academy - NC ,NC,32.95,49
2021,neonegp,Nebraska One,NE,6.5,
2021,neovcov,neovcov,,3.2,
2021,nivbaho,nivbaho,,16.5,
2021,nkyvcpr,NKYVC,KY,51,33
2021,nliteno,Mizuno Northern Lights,MN,70.65,17
2021,nolavby,nolavby,,15.75,
2021,nonamfl,No Name,FL,16.25,
2021,norcanc,NoCal VBC,CA,5,
2021,norcorm,NORCO,CO,21.15,72
2021,novajov,novajov,,12.75,
2021,npjseps,npjseps,,8,
2021,npjvbce,North Pacific Juniors,OR,1.25,
2021,ojvacce,Oregon Juniors,OR,10.75,
2021,ojvbcde,Ozark Jrs,AR,11.5,
2021,op2vbok,Oklahoma Peak,OK,1.8,
2021,opremov,opremov,,4.7,
2021,opuvbfl,opuvbfl,,10,
2021,otbvafl,OTVA,FL,80.2,10
2021,parvbch,Paramount VBC,VA,6.8,
2021,pghelke,pghelke,,6.25,
2021,phpvbho,Pineapple,IN,17,89
2021,plscvsc,plscvsc,,1.25,
2021,pohakha,Pohaku Volleyball Club,MO,17.5,
2021,povbafl,povbafl,,4,
2021,powerha,KC POWER,KS,52.05,32
2021,premrgp,Premier - NE,NE,89.85,3
2021,pvakcha,PVA - MO,MO,24.25,63
2021,ranchsc,ranchsc,,11.9,
2021,revbcho,Rev - IN,IN,1,
2021,revolaz,Revolution - AZ,AZ,22.65,75
2021,roguepm,roguepm,,12,
2021,rootsls,rootsls,,11.75,
2021,rvcjrod,rvcjrod,,0.5,
2021,rwdthgw,Rockwood Thunder,MO,81.3,9
2021,sajvbls,SA Juniors,TX,20.75,
2021,samagls,samagls,,7.8,
2021,scmidpm,scmidpm,,6.5,
2021,scvbcsc,S Cal VBC -CA,CA,1.8,
2021,sealbsc,Seal Beach,CA,22.4,67
2021,sgeltsc,SG ELITE,CA,35.65,46
2021,shockha,shockha,,5.9,
2021,sixpkia,Six Pack,IA,12.3,98
2021,skevapr,skevapr,,17.5,
2021,skylnfl,Jacksonville Skyline,FL,4.7,
2021,skylnnt,Dallas Skyline,TX,84.35,6
2021,spvbcgl,Sports Performance,IL,27.7,72
2021,srfsdsc,Surfside Vbc,NA,19.9,
2021,starspm,Upward - SC,SC,41.7,
2021,stormaz,AZ Storm,AZ,56.25,29
2021,stvacls,STVA,TX,0.45,
2021,sunshsc,Sunshine,CA,62.25,24
2021,swvbcov,swvbcov,,9.7,
2021,tavbcho,The Academy,IN,37,45
2021,tavbjho,Boiler Jrs VBC,IN,16,90
2021,tavhols,TAV Houston,TX,14,
2021,teamdlk,teamdlk,,4,
2021,teamogl,teamogl,,11.5,
2021,tejasnt,Tejas,TX,3.45,
2021,threefl,threefl,,11.75,
2021,tivbcho,Team Indiana,IN,29.5,
2021,tjvbcfl,tjvbcfl,,8,
2021,tkvbcso,tkvbcso,,4,
2021,tmdynha,DYNASTY- KS,KS,48.3,35
2021,tnpfcso,tnpfcso,,15.5,
2021,tolvcov,Toledo Volleyball Club,,8.15,
2021,tribefl,Tribe - FL,FL,38.6,41
2021,tribeov,tribeov,,2.9,
2021,tricols,tricols,,14.75,
2021,tristpr,Tri-State Elite,OH,79.2,12
2021,trnglcr,Triangle,NC,27.4,54
2021,tstrtsc,Tstreet,CA,78.05,13
2021,tsunaso,tsunaso,,5.25,
2021,tsvbafl,Top Select,FL,35.2,47
2021,txadvnt,Texas Advantage Volleyball,TX,96.2,1
2021,txpstnt,txpstnt,,17.5,
2021,txstrls,txstrls,,0.5,
2021,txsvasu,txsvasu,,2.9,
2021,unionpr,UNION,KY,41.45,
2021,unitefl,unitefl,,0.1,
2021,uniteso,uniteso,,14,
2021,upvbcok,upvbcok,,4,
2021,usanyie,usanyie,,13,
2021,usasofl,usasofl,,21.5,
2021,vacessc,Vegas Aces,NV,20.4,
2021,vbayvfl,vbayvfl,,8.75,
2021,vcnebgp,VCNebraska,NE,20.55,77
2021,vcutdgl,VC United,IL,43,
2021,vipersc,vipersc,,15.5,
2021,vsionnc,Vision - CA,CA,13.35,66
2021,wavesgc,wavesgc,,2.9,
2021,wdnatby,wdnatby,,20.75,
2021,wfirefl,wfirefl,,31.7,
2021,wrevols,wrevols,,20.9,
2021,wvevbsc,WAVE,CA,79.7,11
2021,xcelenc,xcelenc,,3.5,
2021,xcelvls,xcelvls,,1.8,
2022,95eltsc,95eltsc,,9,
2022,a4volsc,A4 Volleyball,CA,34.8,51
2022,aavbcov,aavbcov,,2.8,
2022,absolnc,Absolute - CA,CA,63.9,24
2022,acavcov,AVC - Cleveland,OH,58.15,29
2022,acdvpnc,Academy (CA),CA,4,
2022,actyvsc,Actyve VBC,CA,8.25,
2022,adrvaia,Adrenaline,IA,5.55,
2022,advergl,Adversity - IL,IL,23,
2022,afiveso,Mizuno A5,GA,86,3
2022,ajvbals,Austin Juniors,TX,60.45,26
2022,akivapr,Adidas KIVA,KY,54.7,32
2022,alamols,Alamo,TX,59.55,28
2022,alliagl,1st Alliance,IL,76.2,11
2022,allvbso,Alliance VBC - TN,TN,14.5,93
2022,aperfls,Austin Performance,TX,9.6,
2022,arvcasu,Albuquerque Rebels,NM,8.85,
2022,askylls,Austin Skyline,TX,26.55,62
2022,aspiraz,Aspire (AZ),AZ,9.8,
2022,athence,Athena VB,OR,25.25,
2022,avatxls,AVA,TX,14.35,95
2022,azevjaz,AZ East Valley Juniors,AZ,13.5,
2022,azskyaz,AZ Sky,AZ,33.75,52
2022,bomerfl,bomerfl,,7.2,
2022,bsvbcov,bsvbcov,,3.1,
2022,capcofl,capcofl,,4.5,
2022,captnpu,captnpu,,18.75,
2022,caruncr,Carolina Union ,NC,24,84
2022,ccforls,ccforls,,9,
2022,ccityho,Circle City,IN,82.2,8
2022,ccjrsso,ccjrsso,,4.05,
2022,chavbcr,chavbcr,,14.25,
2022,cityvsc,City VBC,CA,14.25,
2022,cjvvbcr,Carolina Juniors,NC,8.75,
2022,clubvim,Club V,UT,74.8,13
2022,coastsc,Coast,CA,86.7,2
2022,cojrsrm,Colorado Juniors,CO,41.7,44
2022,ctvvbnt,ctvvbnt,,5.5,
2022,cvbcoov,Cleveland Volleyball Company,,0.75,
2022,dakwaps,Dakine,,8,
2022,dgthssc,dgthssc,,5.25,
2022,drivent,Drive Nation Volleyball Club,NA,65.2,20
2022,dynacha,dynacha,,16,
2022,ecjrvov,ecjrvov,,7.85,
2022,ecjvccr,ecjvccr,,3.3,
2022,elevaov,Elevation - OH,OH,46.3,36
2022,elitegp,NE Elite,NE,18.35,
2022,esideaz,esideaz,,2.8,
2022,evavbho,Empowered Volleyball Academy,,1.25,
2022,evbtcov,Elite VBTC,OH,17.25,
2022,excelnt,Excel - TX,TX,31.55,56
2022,excnwce,excnwce,,13.5,
2022,fcelibg,FC Elite - WI,WI,47.05,35
2022,fgsvafl,fgsvafl,,5.3,
2022,fleltfl,fleltfl,,8.5,
2022,fmvbcde,fmvbcde,,4.05,
2022,forcenc,Synergy Force,CA,15.75,91
2022,forznsc,Forza1 North,CA,9.7,
2022,fovbclk,Far Out,MI,37.5,47
2022,frflynt,Frisco Flyers,TX,33.2,
2022,frogsnt,Madfrog,TX,93,1
2022,frontwe,frontwe,,0.1,
2022,frvbcrm,Front Range,,9,
2022,fsfvbso,fsfvbso,,6.5,
2022,gjvbcfl,Gainesville Jrs,Fl,36.3,
2022,gpontfl,Game Point,FL,42.7,
2022,hoskyls,Houston Skyline,TX,82.85,6
2022,houjrls,Houston Juniors,TX,71.4,17
2022,hpstlgw,HPSTL,MO,30.75,58
2022,hsvbals,Houston Stellar,TX,3.1,
2022,htidefl,htidefl,,12.8,
2022,hvoltfl,hvoltfl,,13.5,
2022,iarckia,iarckia,,15.25,
2022,idcrsim,Idaho Crush,ID,28.35,80
2022,ievbcgl,Illini Elite,IL,8.5,
2022,ignitls,ignitls,,5.5,
2022,igsltia,igsltia,,2.25,
2022,jaxjrfl,JJVA,FL,8.8,
2022,jtaavfl,Jupiter Volleyball Club,FL,12.55,
2022,kairono,Kairos VBC ,SD,23.1,64
2022,keikimk,keikimk,,4,
2022,ktvbcso,K2,TN,21,67
2022,kuikaah,Ku Ilahi VBC,HI,26.75,
2022,lavbcgc,lavbcgc,,1.8,
2022,legacsc,legacsc,,17,
2022,legvclk,Legacy - MI,MI,72.6,16
2022,lexvbpr,lexvbpr,,9,
2022,lightfl,lightfl,,0.5,
2022,livwraz,livwraz,,2,
2022,mavbcha,Asics MAVS,KS,36.75,48
2022,mavrkov,mavrkov,,9.5,
2022,mavseha,MAVS 816,KS,8.25,74
2022,mcvbagl,mcvbagl,,1.25,
2022,metroch,Metro - DC,DC,70.05,18
2022,metroho,metroho,,3.1,
2022,mevbcfl,mevbcfl,,15.25,
2022,mfierls,mfierls,,5.8,
2022,mhypefl,Miami Hype VBC,FL,13,
2022,miavafl,miavafl,,0.1,
2022,mievalk,Michigan Elite,Mi,46.05,37
2022,milonsc,Mizuno Long Beach,CA,64.4,23
2022,mindyho,mindyho,,2.7,
2022,mlwstbg,Milwaukee Sting,WI,55.4,30
2022,mmjvbde,mmjvbde,,5.25,
2022,mmtscsc,mmtscsc,,16.5,
2022,mnselno,Minnesota Select,MN,45.5,39
2022,msprtov,Mintonette Sports,OH,59.8,27
2022,munvbho,Asics Munciana,IN,73.45,15
2022,musvbnt,musvbnt,,11.25,
2022,mvbacde,mvbacde,,17.05,
2022,ncvbacr,Academy - NC ,NC,35.25,50
2022,neonegp,Nebraska One,NE,13.2,
2022,nivbaho,nivbaho,,9,
2022,nkyvcpr,NKYVC,KY,66.6,19
2022,nliteno,Mizuno Northern Lights,MN,48.65,34
2022,nonamfl,No Name,FL,14.25,
2022,norcanc,NoCal VBC,CA,23.1,64
2022,norcorm,NORCO,CO,17,
2022,npjvbce,North Pacific Juniors,OR,22.5,66
2022,nrgvcnt,nrgvcnt,,1,
2022,ojvacce,Oregon Juniors,OR,30.25,
2022,omnivnc,Omni (CA),CA,4.25,
2022,op2vbok,Oklahoma Peak,OK,13.65,72
2022,opremov,opremov,,14.05,
2022,opuvbfl,opuvbfl,,1.8,
2022,otbvafl,OTVA,FL,85.25,4
2022,parvbch,Paramount VBC,VA,23.75,85
2022,phpvbho,Pineapple,IN,18.6,68
2022,pohakha,Pohaku Volleyball Club,MO,27.2,61
2022,povbafl,povbafl,,5.25,
2022,powerha,KC POWER,KS,55.25,31
2022,powerok,Tulsa Power,OK,6.75,
2022,premrgp,Premier - NE,NE,75.4,12
2022,premrnt,Dallas Premier,,2.7,
2022,pvakcha,PVA - MO,MO,29.75,
2022,pwrpxia,Power Plex VBC,IA,12.25,
2022,ragwsna,ragwsna,,25.7,
2022,ranchsc,ranchsc,,17.25,
2022,revbcho,Rev - IN,IN,35.35,
2022,revolaz,Revolution - AZ,AZ,51.3,33
2022,ripornc,Rage - CA,CA,16,
2022,rnvtrev,rnvtrev,,16.25,
2022,rootsls,rootsls,,10.75,
2022,rwdthgw,Rockwood Thunder,MO,74.8,13
2022,sajvbls,SA Juniors,TX,16.25,
2022,samagls,samagls,,8.5,
2022,sandisc,sandisc,,4.25,
2022,scvbcim,scvbcim,,5.25,
2022,scvbcsc,S Cal VBC -CA,CA,13.55,98
2022,sealbsc,Seal Beach,CA,22.5,
2022,sftrmnc,sftrmnc,,5.3,
2022,sgeltsc,SG ELITE,CA,41.05,45
2022,shockha,shockha,,5.25,
2022,sixpkia,Six Pack,IA,15.8,90
2022,skyhigl,Sky High,IL,11.75,
2022,skylnfl,Jacksonville Skyline,FL,6.75,
2022,skylnnt,Dallas Skyline,TX,79,9
2022,spserah,Spike and Serve,HI,25.2,
2022,spvbcgl,Sports Performance,IL,32.45,54
2022,srfsdsc,Surfside Vbc,NA,14.5,
2022,starspm,Upward - SC,SC,16.7,89
2022,stormaz,AZ Storm,AZ,64.6,22
2022,sunshsc,Sunshine,CA,46,38
2022,swvbcov,swvbcov,,5.55,
2022,t3vbcev,t3vbcev,,5.25,
2022,tallafl,tallafl,,10.85,
2022,tavbcho,The Academy,IN,31.25,
2022,tavbjho,Boiler Jrs VBC,IN,31.8,55
2022,tavhols,TAV Houston,TX,28.55,59
2022,tejasnt,Tejas,TX,5.25,
2022,threefl,threefl,,8.05,
2022,tivbcho,Team Indiana,IN,35,
2022,tkiwifl,tkiwifl,,10.75,
2022,tmdynha,DYNASTY- KS,KS,82.75,7
2022,tnvbcfl,tnvbcfl,,2.8,
2022,tolvcov,Toledo Volleyball Club,,7.05,
2022,tpfepsu,Texas Performance El Paso,TX,9.5,
2022,tribefl,Tribe - FL,FL,45.35,40
2022,tricols,tricols,,14.25,
2022,tristpr,Tri-State Elite,OH,61.05,25
2022,trnglcr,Triangle,NC,44.65,41
2022,tstrtsc,Tstreet,CA,43,43
2022,tsvbafl,Top Select,FL,76.25,10
2022,txadvnt,Texas Advantage Volleyball,TX,65.6,20
2022,txfurls,txfurls,,2.75,
2022,txpstnt,txpstnt,,5.1,
2022,txtorls,txtorls,,0.1,
2022,unionpr,UNION,KY,40.5,46
2022,unitefl,unitefl,,0.75,
2022,uniteso,uniteso,,7,
2022,unvbals,unvbals,,1.5,
2022,upvbcok,upvbcok,,19.75,
2022,usanyie,usanyie,,9,
2022,usasofl,usasofl,,1.25,
2022,vavbcnc,vavbcnc,,4.05,
2022,vavenls,vavenls,,1.5,
2022,vcnebgp,VCNebraska,NE,9.5,
2022,vcutdgl,VC United,IL,18.5,
2022,vipersc,vipersc,,9.75,
2022,vitalno,vitalno,,23,
2022,vsionnc,Vision - CA,CA,44,42
2022,wpvcbfl,Winter Park VC,FL,8,
2022,wrevols,wrevols,,6.25,
2022,wvevbsc,WAVE,CA,85.3,4
2023,1unvbnt,1United,TX,9.7,
2023,a4volsc,A4 Volleyball,CA,22.5,91
2023,absolnc,Absolute - CA,CA,38.65,48
2023,acavcov,AVC - Cleveland,OH,72.9,17
2023,acdvpnc,Academy (CA),CA,7.8,
2023,actyvsc,Actyve VBC,CA,30.45,59
2023,adrvaia,Adrenaline,IA,6,
2023,advergl,Adversity - IL,IL,21.35,
2023,afiveso,Mizuno A5,GA,87.2,3
2023,ajvbals,Austin Juniors,TX,43.65,45
2023,akivapr,Adidas KIVA,KY,74.8,15
2023,alamols,Alamo,TX,59.25,31
2023,alliagl,1st Alliance,IL,84.6,6
2023,allvbso,Alliance VBC - TN,TN,7.25,80
2023,aperfls,Austin Performance,TX,22.45,72
2023,aretent,Arete,TX,25.45,
2023,askylls,Austin Skyline,TX,44.25,43
2023,aspiraz,Aspire (AZ),AZ,14.85,
2023,athence,Athena VB,OR,2.5,
2023,avatxls,AVA,TX,20.05,74
2023,azevjaz,AZ East Valley Juniors,AZ,13.5,
2023,azskyaz,AZ Sky,AZ,29.45,62
2023,balbysc,balbysc,,3.4,
2023,bamaeso,bamaeso,,9.5,
2023,bsvbcov,bsvbcov,,4.8,
2023,capcofl,capcofl,,2.5,
2023,caruncr,Carolina Union ,NC,26.75,68
2023,ccityho,Circle City,IN,62,29
2023,chargok,Oklahoma Charge,OK,12.4,99
2023,chavbcr,chavbcr,,8.5,
2023,cityvsc,City VBC,CA,32.35,57
2023,clubvim,Club V,UT,62.5,27
2023,cnvbcha,cnvbcha,,3.2,
2023,coastsc,Coast,CA,76.2,11
2023,cojrsrm,Colorado Juniors,CO,44.35,42
2023,couvbho,couvbho,,4,
2023,cvbcoov,Cleveland Volleyball Company,,1.5,
2023,dakwaps,Dakine,,4.25,
2023,drivent,Drive Nation Volleyball Club,NA,86.25,5
2023,ecjvccr,ecjvccr,,4.45,
2023,ecpwrke,East Coast Power,PA,6.3,
2023,elathim,elathim,,0.3,
2023,elevaov,Elevation - OH,OH,70.35,20
2023,elevbrm,elevbrm,,0.9,
2023,elitegp,NE Elite,NE,3.25,
2023,evbtcov,Elite VBTC,OH,22.75,
2023,excelnt,Excel - TX,TX,46.65,41
2023,fcelibg,FC Elite - WI,WI,44.2,44
2023,fieldnt,FIELDHOUSE VOLLEYBALL CLUB,,4.4,
2023,forcenc,Synergy Force,CA,11.1,
2023,forznsc,Forza1 North,CA,28.7,65
2023,fovbclk,Far Out,MI,29.8,60
2023,frflynt,Frisco Flyers,TX,3,
2023,frogsnt,Madfrog,TX,75.7,14
2023,gjvbcfl,Gainesville Jrs,Fl,24.6,88
2023,gpontfl,Game Point,FL,55.45,35
2023,hoskyls,Houston Skyline,TX,90,2
2023,houjrls,Houston Juniors,TX,76.2,12
2023,hpstlgw,HPSTL,MO,47.25,39
2023,htidefl,htidefl,,7.8,
2023,iarckia,iarckia,,5.2,
2023,idcrsim,Idaho Crush,ID,31.4,58
2023,ievbcgl,Illini Elite,IL,16.45,76
2023,invbade,invbade,,0.9,
2023,jaxjrfl,JJVA,FL,7.8,
2023,jrvbcbg,jrvbcbg,,5,
2023,jtaavfl,Jupiter Volleyball Club,FL,7.8,
2023,kairono,Kairos VBC ,SD,52,37
2023,keikiah,keikiah,,6.45,
2023,kokrono,kokrono,,6,
2023,kuikaah,Ku Ilahi VBC,HI,28,
2023,lavbcgc,lavbcgc,,3.6,
2023,legacsc,legacsc,,10.25,
2023,legvclk,Legacy - MI,MI,76.75,10
2023,lexvbpr,lexvbpr,,13.4,
2023,mavaspr,mavaspr,,6,
2023,mavbcha,Asics MAVS,KS,66.25,25
2023,mavrkov,mavrkov,,4.25,
2023,mavseha,MAVS 816,KS,9.25,78
2023,mcvbagl,mcvbagl,,8.7,
2023,metroch,Metro - DC,DC,67.15,24
2023,mhypefl,Miami Hype VBC,FL,27.9,86
2023,mievalk,Michigan Elite,Mi,29.7,61
2023,milonsc,Mizuno Long Beach,CA,72.45,18
2023,mjvbade,mjvbade,,4.3,
2023,mlwstbg,Milwaukee Sting,WI,64.4,26
2023,mmjvbde,mmjvbde,,0.3,
2023,mmtscsc,mmtscsc,,21.25,
2023,mnselno,Minnesota Select,MN,36.95,49
2023,mometfl,mometfl,,1.9,
2023,mpactha,mpactha,,11.75,
2023,msprtov,Mintonette Sports,OH,69,23
2023,munvbho,Asics Munciana,IN,52.4,
2023,mvpvbgp,mvpvbgp,,6,
2023,ncvbacr,Academy - NC ,NC,35.65,52
2023,neonegp,Nebraska One,NE,24.5,
2023,netreha,netreha,,7.25,
2023,nkyvcpr,NKYVC,KY,69.9,21
2023,nliteno,Mizuno Northern Lights,MN,69.75,22
2023,nonamfl,No Name,FL,27,
2023,norcanc,NoCal VBC,CA,36.25,51
2023,norcorm,NORCO,CO,28.05,67
2023,novajov,novajov,,13.5,
2023,npjvbce,North Pacific Juniors,OR,35.1,53
2023,oakvcsc,oakvcsc,,14,
2023,ojvacce,Oregon Juniors,OR,20.75,
2023,ojvbcde,Ozark Jrs,AR,1.5,
2023,onevbaz,Club One AZ,AZ,15.25,
2023,op2vbok,Oklahoma Peak,OK,7.8,
2023,opremov,opremov,,4.25,
2023,opuvbfl,opuvbfl,,9.5,
2023,otbvafl,OTVA,FL,86.7,4
2023,parvbch,Paramount VBC,VA,23.95,89
2023,pghelke,pghelke,,2.5,
2023,phpvbho,Pineapple,IN,41.25,47
2023,plscvsc,plscvsc,,4.8,
2023,pnadvnc,pnadvnc,,1.2,
2023,pohakha,Pohaku Volleyball Club,MO,30.7,83
2023,powerha,KC POWER,KS,60.75,30
2023,powerok,Tulsa Power,OK,12.25,
2023,premrgp,Premier - NE,NE,76.1,13
2023,premrnt,Dallas Premier,,3.7,
2023,pvakcha,PVA - MO,MO,25.4,71
2023,pwrpxia,Power Plex VBC,IA,19.75,94
2023,revbcho,Rev - IN,IN,29.2,
2023,revolaz,Revolution - AZ,AZ,36.65,50
2023,ripornc,Rage - CA,CA,17.65,
2023,rockcov,rockcov,,12.5,
2023,rootsls,rootsls,,4,
2023,rselerm,rselerm,,7.25,
2023,rwdthgw,Rockwood Thunder,MO,51.25,38
2023,saeltls,saeltls,,1.9,
2023,sajvbls,SA Juniors,TX,9,
2023,samagls,samagls,,2.5,
2023,sandisc,sandisc,,6,
2023,scvbcim,scvbcim,,11.75,
2023,scvbcsc,S Cal VBC -CA,CA,39.7,82
2023,sealbsc,Seal Beach,CA,8.75,
2023,sgeltsc,SG ELITE,CA,34.6,54
2023,shockha,shockha,,0.5,
2023,sixpkia,Six Pack,IA,29,64
2023,skyhigl,Sky High,IL,4.15,
2023,skylnnt,Dallas Skyline,TX,83.3,9
2023,spserah,Spike and Serve,HI,14.15,
2023,spvbcgl,Sports Performance,IL,20.2,93
2023,srfsdsc,Surfside Vbc,NA,28.6,
2023,starspm,Upward - SC,SC,33.95,
2023,stormaz,AZ Storm,AZ,84.1,8
2023,stvacls,STVA,TX,6.6,
2023,sumvbho,sumvbho,,3.25,
2023,sunshsc,Sunshine,CA,41.8,46
2023,swvbcov,swvbcov,,2.25,
2023,tallafl,tallafl,,9.75,
2023,tavbcho,The Academy,IN,22.5,
2023,tavbjho,Boiler Jrs VBC,IN,46.8,40
2023,tavhols,TAV Houston,TX,19.55,75
2023,tejasnt,Tejas,TX,8.9,
2023,threefl,threefl,,4.8,
2023,tivbcho,Team Indiana,IN,10.05,
2023,tlgcyls,Texas Legacy,,1.9,
2023,tmdynha,DYNASTY- KS,KS,58.15,32
2023,tnpfcso,tnpfcso,,9.5,
2023,tolvcov,Toledo Volleyball Club,,9.6,
2023,tribefl,Tribe - FL,FL,55.75,34
2023,tristpr,Tri-State Elite,OH,73.8,16
2023,trnglcr,Triangle,NC,71.6,19
2023,tstrtsc,Tstreet,CA,34.45,55
2023,tsvbafl,Top Select,FL,57.1,33
2023,txadvnt,Texas Advantage Volleyball,TX,84.45,7
2023,tximgnt,tximgnt,,7.5,
2023,unionpr,UNION,KY,28.25,64
2023,unitesc,unitesc,,4.9,
2023,usasofl,usasofl,,14,
2023,vacessc,Vegas Aces,NV,11.75,
2023,vcnebgp,VCNebraska,NE,25.95,69
2023,vcutdgl,VC United,IL,7.5,
2023,vipersc,vipersc,,8,
2023,vsionnc,Vision - CA,CA,52.15,36
2023,wpvcbfl,Winter Park VC,FL,19.2,95
2023,wrevols,wrevols,,7.5,
2023,wvevbsc,WAVE,CA,90.55,1
2024,1unvbnt,1United,TX,21.75,84
2024,a4volsc,A4 Volleyball,CA,24,61
2024,absolnc,Absolute - CA,CA,23.2,63
2024,acavcov,AVC - Cleveland,OH,56.1,28
2024,actyvsc,Actyve VBC,CA,9.95,74
2024,advergl,Adversity - IL,IL,9.45,
2024,afiveso,Mizuno A5,GA,83.2,7
2024,ajvbals,Austin Juniors,TX,34.45,56
2024,akivapr,Adidas KIVA,KY,66.35,19
2024,alamols,Alamo,TX,40,49
2024,alliagl,1st Alliance,IL,84.4,6
2024,allvbso,Alliance VBC - TN,TN,11.5,100
2024,aperfls,Austin Performance,TX,19.2,70
2024,aretent,Arete,TX,9.5,
2024,arvcasu,Albuquerque Rebels,NM,22.75,82
2024,askylls,Austin Skyline,TX,46.2,42
2024,avatxls,AVA,TX,28,79
2024,azskyaz,AZ Sky,AZ,73.95,14
2024,bluerch,bluerch,,11,
2024,caruncr,Carolina Union ,NC,33.4,57
2024,ccityho,Circle City,IN,56.25,27
2024,chargok,Oklahoma Charge,OK,16.2,72
2024,cityvsc,City VBC,CA,36.3,54
2024,clubvim,Club V,UT,76.5,12
2024,coastsc,Coast,CA,81.15,8
2024,cojrsrm,Colorado Juniors,CO,37.65,51
2024,cpavbev,cpavbev,,14,93
2024,drivent,Drive Nation Volleyball Club,NA,20.45,85
2024,elevaov,Elevation - OH,OH,59.05,23
2024,excelnt,Excel - TX,TX,37,52
2024,forzasc,Forza1,CA,16.05,91
2024,forznsc,Forza1 North,CA,38.3,50
2024,fovbclk,Far Out,MI,21.4,67
2024,frogsnt,Madfrog,TX,87.65,4
2024,gjvbcfl,Gainesville Jrs,Fl,12.05,99
2024,gpontfl,Game Point,FL,48.2,39
2024,hoskyls,Houston Skyline,TX,91.9,3
2024,houjrls,Houston Juniors,TX,71.95,15
2024,hpstlgw,HPSTL,MO,55.35,29
2024,hsvbals,Houston Stellar,TX,12.75,98
2024,idcrsim,Idaho Crush,ID,30.9,78
2024,ievbcgl,Illini Elite,IL,18.5,90
2024,jaxjrfl,JJVA,FL,13.25,94
2024,jtaavfl,Jupiter Volleyball Club,FL,18.6,89
2024,kairono,Kairos VBC ,SD,27.9,59
2024,ktvbcso,K2,TN,14.45,92
2024,legvclk,Legacy - MI,MI,75,13
2024,lightfl,lightfl,,12.8,97
2024,mavbcha,Asics MAVS,KS,51.5,36
2024,mavrkov,mavrkov,,9.2,
2024,mavseha,MAVS 816,KS,18.7,88
2024,metroch,Metro - DC,DC,61.75,22
2024,mhypefl,Miami Hype VBC,FL,20.5,69
2024,mievalk,Michigan Elite,Mi,27.35,80
2024,milonsc,Mizuno Long Beach,CA,79.45,10
2024,mjvbade,mjvbade,,13,96
2024,mlwstbg,Milwaukee Sting,WI,80.3,9
2024,mnselno,Minnesota Select,MN,54.15,31
2024,msprtov,Mintonette Sports,OH,70.5,17
2024,munvbho,Asics Munciana,IN,45.25,45
2024,mvbacde,mvbacde,,9.45,
2024,ncvbacr,Academy - NC ,NC,45.15,46
2024,neonegp,Nebraska One,NE,27.15,81
2024,nkyvcpr,NKYVC,KY,53.6,32
2024,nliteno,Mizuno Northern Lights,MN,58.75,24
2024,norcanc,NoCal VBC,CA,13.25,94
2024,norcorm,NORCO,CO,45.7,44
2024,npjvbce,North Pacific Juniors,OR,36.95,52
2024,ojvbcde,Ozark Jrs,AR,10.45,
2024,op2vbok,Oklahoma Peak,OK,33.1,58
2024,otbvafl,OTVA,FL,78.45,11
2024,parvbch,Paramount VBC,VA,13.7,73
2024,pevbant,pevbant,,10.25,
2024,pghelke,pghelke,,6.2,
2024,phpvbho,Pineapple,IN,38.25,76
2024,pohakha,Pohaku Volleyball Club,MO,43.75,75
2024,powerha,KC POWER,KS,52.5,33
2024,premrgp,Premier - NE,NE,65.1,20
2024,pvakcha,PVA - MO,MO,24.05,61
2024,pwrpxia,Power Plex VBC,IA,22.7,66
2024,revolaz,Revolution - AZ,AZ,45.95,43
2024,rootsls,rootsls,,9,
2024,rwdthgw,Rockwood Thunder,MO,57.05,25
2024,sajvbls,SA Juniors,TX,10,
2024,savbcsc,Sports Academy,CA,6.1,
2024,scvbcsc,S Cal VBC -CA,CA,52.4,34
2024,sealbsc,Seal Beach,CA,20.25,86
2024,sgeltsc,SG ELITE,CA,47.4,41
2024,sixpkia,Six Pack,IA,31,77
2024,skyhigl,Sky High,IL,22.95,65
2024,skylnnt,Dallas Skyline,TX,92.75,2
2024,spvbcgl,Sports Performance,IL,27.45,60
2024,starspm,Upward - SC,SC,21,68
2024,stormaz,AZ Storm,AZ,70.05,18
2024,stvacls,STVA,TX,23.2,63
2024,sunshsc,Sunshine,CA,17.2,71
2024,tavbcho,The Academy,IN,40.75,48
2024,tavbjho,Boiler Jrs VBC,IN,22.1,83
2024,tavhols,TAV Houston,TX,50.85,37
2024,tlgcyls,Texas Legacy,,5.35,
2024,tmdynha,DYNASTY- KS,KS,55.3,30
2024,tpfepsu,Texas Performance El Paso,TX,18.75,87
2024,tribefl,Tribe - FL,FL,56.95,25
2024,tristpr,Tri-State Elite,OH,71.95,15
2024,trnglcr,Triangle,NC,64.25,21
2024,tstrtsc,Tstreet,CA,48.05,40
2024,tsvbafl,Top Select,FL,48.55,38
2024,txadvnt,Texas Advantage Volleyball,TX,94.95,1
2024,unionpr,UNION,KY,6,
2024,unitesc,unitesc,,8.9,
2024,vcnebgp,VCNebraska,NE,40.85,47
2024,vsionnc,Vision - CA,CA,52.05,35
2024,wpvcbfl,Winter Park VC,FL,36.05,55
2024,wvevbsc,WAVE,CA,86.1,5
2025,1unvbnt,1United,TX,64.8,30
2025,208vbev,208vbc,,6.6000000000000005,145
2025,PCSTVSC,Pacific Coast,,21,88
2025,a4volsc,A4 Volley,CA,11.8,115
2025,absolnc,Absolute,CA,47.6,51
2025,acavcov,Academy Cleveland,OH,65,29
2025,acdvpnc,Academy (NorCal),CA,12.600000000000001,111
2025,actyvsc,Actyve,CA,10.600000000000001,84
2025,adrvaia,Adrenaline,IA,28.400000000000002,85
2025,advergl,Adversity,IL,19.400000000000002,78
2025,afiveso,A5,GA,95.80000000000001,2
2025,ajvbals,Austin Juniors,TX,49,49
2025,akivapr,KIVA,KY,70.4,25
2025,alamols,Alamo,TX,43.2,55
2025,alliagl,1st Alliance,IL,78.60000000000001,12
2025,allvbso,Alliance (TN),TN,28.6,70
2025,aperfls,Austin Performance,TX,28.400000000000002,71
2025,aretent,Arete,TX,26.200000000000003,73
2025,arvcasu,Albuquerque Rebels,NM,23.8,74
2025,askylls,Austin Skyline,TX,43.400000000000006,54
2025,aspiraz,Aspire AZ,AZ,16.6,95
2025,athence,Athena VB,OR,12.4,112
2025,atomcaz,Atomic AZ,AZ,16.400000000000002,96
2025,atprvnt,,,10.8,123
2025,avatxls,AVA Texas,TX,2,173
2025,azevjaz,Arizona EVJ,AZ,0,185
2025,azskyaz,AZ Sky,AZ,68.8,26
2025,bakvcsc,,,1,178
2025,blstlgw,,,6.6000000000000005,145
2025,bosscov,BOSS Cleveland,,5.6000000000000005,151
2025,brusasc,,,9,130
2025,caruncr,Carolina UVC,NC,20.200000000000003,91
2025,ccityho,Circle City,IN,77,16
2025,chargok,OK Charge,OK,17.2,94
2025,cityvsc,City Volleyball,CA,13.600000000000001,105
2025,cjvvbcr,Carolina Juniors,NC,13,109
2025,clmntsc,,,1,178
2025,clsvbim,Club Sand,,13.200000000000001,106
2025,clubvim,Club V,UT,78.4,13
2025,cnvbcha,,,5.6000000000000005,151
2025,coastsc,Coast,CA,76.4,18
2025,cojrsrm,Colorado Jrs,CO,43,56
2025,cpavbev,,,4.800000000000001,161
2025,cvbcoov,Cleveland Volleyball Company,,11,120
2025,dakwaps,Dakine,,9.8,128
2025,dfvbclk,,,0,185
2025,drivent,Drive Nation,NA,58.400000000000006,37
2025,eagmtnt,,,0,185
2025,ecpwrke,EC Power,PA,10,125
2025,elevaov,Elevation (OH),OH,75.2,20
2025,elevbrm,,,5,158
2025,elitegp,Nebraska Elite,NE,0,185
2025,euvbaho,,,0,185
2025,evavbho,Empowered Volleyball Academy,,11.600000000000001,117
2025,evbtcov,Elite VBTC,OH,6.800000000000001,144
2025,excelnt,Excel,TX,73.2,21
2025,fcelibg,FC Elite,WI,37.2,60
2025,fgsvafl,,,3,168
2025,fieldnt,FIELDHOUSE VOLLEYBALL CLUB,,13.200000000000001,106
2025,fightha,,,9,130
2025,fleltfl,,,4.2,163
2025,fmvbcde,,,2,173
2025,forcenc,SynergyForce,CA,21,88
2025,forzasc,Forza1 South,CA,31.200000000000003,68
2025,forznsc,Forza1 North,CA,26.8,86
2025,fovbclk,FaR Out,MI,54.2,42
2025,frflynt,Frisco Flyers,TX,7.4,141
2025,frogsnt,MadFrog,TX,95.2,3
2025,frvbcrm,Front Range,,10,125
2025,gjvbcfl,Gainesville Juniors,Fl,12.200000000000001,113
2025,gpontfl,Game Point,FL,61.400000000000006,34
2025,hnlvbah,,,3.4000000000000004,167
2025,hoskyls,Houston Skyline,TX,89,9
2025,houjrls,Houston Juniors,TX,76.2,19
2025,hpstlgw,HPSTL,MO,61.800000000000004,33
2025,hsvbals,Houston Stellar,TX,11,120
2025,htidefl,,,0,185
2025,iautdia,Iowa United,,20.8,77
2025,idcrsim,Idaho Crush,ID,63.800000000000004,31
2025,ievbcgl,Illini Elite,IL,36.2,61
2025,impctia,,,0,185
2025,integnt,,,6.4,147
2025,invasha,,,0,185
2025,jaxjrfl,JJVA,FL,0.4,181
2025,jrvbcbg,,,1.6,177
2025,jtaavfl,Jupiter Volleyball Club,FL,7.6000000000000005,138
2025,k1volpu,,,0,185
2025,kairono,Kairos,SD,57,40
2025,kokrono,,,5.2,157
2025,ktvbcso,K2,TN,5,158
2025,kuikaah,Ku Ilahi VBC,HI,5,158
2025,laverls,,,0,185
2025,legacsc,,,6.4,147
2025,legvclk,Legacy,MI,96.2,1
2025,lexvbpr,,,0.4,181
2025,lightfl,,,0.4,181
2025,livwraz,,,5.6000000000000005,151
2025,mancefl,,,10.200000000000001,124
2025,mavbcha,MAVS,KS,78.2,14
2025,mavseha,MAVS 816,KS,22.6,87
2025,mdjrsch,MD Juniors,,14,102
2025,metroch,Metro,DC,57.2,39
2025,metroho,,,0,185
2025,mhypefl,Miami Hype,FL,13.8,103
2025,miavafl,,,3,168
2025,mievalk,MiElite,Mi,43.800000000000004,53
2025,milonsc,Mizuno Long Beach,CA,81.80000000000001,10
2025,mlwstbg,Milwaukee Sting,WI,58.2,38
2025,mnselno,MN Select,MN,32,67
2025,mnvbcim,,,0,185
2025,mouvinc,Mountain View,,15.600000000000001,99
2025,msprtov,Mintonette,OH,71.4,22
2025,munvbho,Munciana,IN,42.6,57
2025,mvbacde,,,7.4,141
2025,ncvbacr,NC Academy,NC,50.2,47
2025,neonegp,Nebraska ONE,NE,20.8,90
2025,nkyvcpr,NKYVC,KY,70.60000000000001,24
2025,nliteno,Northern Lights,MN,56.6,41
2025,nolavby,,,11.600000000000001,117
2025,nonamfl,NO NAME,FL,16.400000000000002,96
2025,norcanc,NorCal Volleyball Club,CA,17.400000000000002,93
2025,norcorm,NORCO,CO,16.400000000000002,83
2025,npjbece,,,8.200000000000001,136
2025,npjvbce,NPJ,OR,40.6,58
2025,ojvbcde,Oregon Juniors,AR,13,109
2025,omnivaz,Omni (AZ),,11,120
2025,omnivnc,Omni (NorCal),CA,16,98
2025,onevbaz,Club One Volleyball AZ,AZ,16.6,81
2025,op2vbok,Oklahoma Peak Performance,OK,23.200000000000003,75
2025,opremov,,,8.8,134
2025,opuvbfl,,,4.2,163
2025,otbvafl,OTVBA,FL,77.60000000000001,15
2025,parvbch,Paramount,VA,32.2,65
2025,pevbant,,,9.8,128
2025,pghelke,,,4.2,163
2025,phpvbho,Pineapple (IN),IN,33,64
2025,plscvsc,,,4.2,163
2025,pnadvnc,,,0,185
2025,pohakha,Pokahu,MO,34.800000000000004,63
2025,powerha,KC Power,KS,76.80000000000001,17
2025,powerok,Tulsa Power,OK,13.8,103
2025,premrgp,Premier Nebraska,NE,61.2,35
2025,premrnt,Dallas Premier,,15.4,100
2025,premrov,,,6.4,147
2025,pvakcha,PVA,MO,51,45
2025,pwrpxia,Iowa Powerplex,IA,4.6000000000000005,162
2025,ranchsc,,,0,185
2025,revbcho,Rev Volleyball Academy,IN,9,130
2025,revolaz,AZ Revolution,AZ,60,36
2025,rhvbcso,,,2,173
2025,rvjrsod,,,6.4,147
2025,rwdthgw,Rockwood Thunder,MO,66.8,27
2025,saforls,,,0,185
2025,sajvbls,San Antonio Jrs,TX,5.6000000000000005,151
2025,savbcsc,Sports Academy,CA,19.8,92
2025,sclegsc,,,0,185
2025,scvbcim,,,10,125
2025,scvbcsc,SCVC,CA,54.2,42
2025,sealbsc,Seal Beach,CA,7.800000000000001,137
2025,sgeltsc,SG Elite,CA,32.2,65
2025,sixpkia,Six Pack,IA,3,168
2025,sjjvbne,,,0,185
2025,skyhigl,Sky High,IL,11.200000000000001,119
2025,skylnfl,Jacksonville Skyline,FL,16.6,81
2025,skylnnt,Dallas Skyline,TX,95.2,3
2025,spserah,Spike and Serve,HI,7,143
2025,spvbcgl,Sports Performance,IL,22.8,76
2025,srfsdsc,Surfside,NA,11.8,115
2025,starspm,Stars Carolinas,SC,18,80
2025,stormaz,AZ Storm,AZ,94.80000000000001,5
2025,stvacls,STVA,TX,27,72
2025,sudnips,Sudden Impact,,12,114
2025,sunshsc,Sunshine,CA,40,59
2025,tavbcho,The Academy (IN),IN,30.200000000000003,69
2025,tavbjho,The Academy Boiler Jrs,IN,50.400000000000006,46
2025,tavhols,TAV Houston,TX,45,52
2025,tavmsho,,,5.6000000000000005,151
2025,tejasnt,Tejas,TX,7.6000000000000005,138
2025,tkvbcso,,,0,185
2025,tlgcyls,Texas Legacy,,15,101
2025,tmdynha,Dynasty,KS,80.2,11
2025,tolvcov,Toledo Volleyball Club,,13.200000000000001,106
2025,tpfepsu,Texas Performance El Paso,TX,9,130
2025,tribefl,Tribe,FL,89.2,8
2025,tristpr,Tri-State,OH,63,32
2025,trnglcr,Triangle,NC,36,62
2025,tsntsha,,,8.4,135
2025,tstiesc,,,0.8,180
2025,tstlvsc,,,0,185
2025,tstrtsc,Tstreet,CA,66.8,27
2025,tsunaso,,,0,185
2025,tsvbafl,Top Select,FL,49.6,48
2025,twskyls,,,7.6000000000000005,138
2025,txadvnt,TAV,TX,89.60000000000001,7
2025,txsvasu,,,0,185
2025,txtorls,,,2,173
2025,txunils,,,2.6,171
2025,unionpr,UNION,KY,19.400000000000002,78
2025,unitesc,,,0.4,181
2025,vacessc,Vegas Aces,NV,0,185
2025,vaquepu,,,0,185
2025,vavbcnc,,,5.6000000000000005,151
2025,vcnebgp,VC Nebraska,NE,48,50
2025,vejvbch,,,2.4000000000000004,172
2025,vsionnc,Vision (NorCal),CA,71.2,23
2025,wpvcbfl,Winter Park,FL,51.6,44
2025,wvevbsc,Wave,CA,91.80000000000001,6
2016,1unvbnt,1United,TX,0,
2016,a4volsc,A4 VBC,CA,33.2,78
2016,absolnc,Absolute VBC,CA,58.9,23
2016,acavcov,AVC,OH,57.2,30
2016,actyvsc,Actyve VBC,CA,0,
2016,afiveso,A5 Mizuno,GA,76.1,8
2016,ajvbals,Austin Junior Volleyball,TX,57.2,25
2016,akivapr,KIVA,KY,85.2,3
2016,alamols,Alamo VBA,TX,55.8,27
2016,alliagl,1st Alliance VBC,IL,27.1,57
2016,allvbso,Alliance VBC,TN,20.1,66
2016,aperfls,Austin Performance,TX,0,
2016,arvcasu,ARVC Adidas,NM,0,
2016,askylls,Austin Skyline,TX,0,
2016,avatxls,AVA of Texas,TX,24.2,61
2016,azskyaz,AZ Sky,AZ,0,
2016,caruncr,Carolina Union Vbc,NC,0,
2016,ccityho,Circle City,IN,39.2,43
2016,chargok,Oklahoma Charge VBC,OK,0,
2016,cityvsc,City VBC,CA,0,
2016,clubvim,Club V,UT,42.2,37
2016,coastsc,Coast VBC,CA,78.6,6
2016,cojrsrm,CoJo's,CO,64.3,17
2016,cpavbev,College Preparatory,FL,0,
2016,drivent,Drive Nation Volleyball Club,TX,0,
2016,elevaov,Elevation - Sports Express,OH,38.8,45
2016,excelnt,Excel Volleyball Club,TX,37.9,47
2016,forzasc,Forza1- CA,CA,0,
2016,forznsc,Forza1,CA,21.5,89
2016,fovbclk,Far Out,MI,0,
2016,frogsnt,Mad Frog VBC,TX,22.5,64
2016,gjvbcfl,Gainesville Jrs,FL,0,
2016,gpontfl,GP Rox,FL,0,
2016,hoskyls,Houston Skyline Jr,TX,35.8,48
2016,houjrls,Houston Juniors,TX,70.6,13
2016,hpstlgw,HPSTL,MO,0,
2016,hsvbals,Houston Stellar,TX,0,
2016,idcrsim,Idaho Crush VB,ID,0,
2016,ievbcgl,IL Elite,IL,29.2,54
2016,jaxjrfl,JJVA,FL,0,
2016,jtaavfl,Jupiter VBC,FL,0,
2016,kairono,Kairos VBC,SD,0,
2016,ktvbcso,K2,TN,34.6,50
2016,legvclk,Legacy VBC,MI,58.3,24
2016,lightfl,Lightning VBA,FL,0,
2016,mavbcha,Asics MAVS,KS,18.6,98
2016,mavseha,MAVS 816,MO,0,
2016,metroch,Metro VBC,DC,41.1,39
2016,mhypefl,Miami Hype VBC,FL,0,
2016,mievalk,Michigan Elite Volleyball Academy,MI,30.7,52
2016,milonsc,Mizuno LB,CA,40.7,40
2016,mjvbade,Memphis Juniors VBA,TN,0,
2016,mlwstbg,Milwaukee Sting VBC,WI,60.8,21
2016,mnselno,MN Select,MN,36,77
2016,msprtov,Mintonette Sports,OH,63.2,19
2016,munvbho,Munciana,IN,92.8,2
2016,ncvbacr,Academy,NC,0,
2016,neonegp,Nebraska One,NE,0,
2016,nkyvcpr,NKYVC,KY,42.2,37
2016,nliteno,Mizuno N Lights,MN,70.5,14
2016,norcanc,NorCal VBC,CA,0,
2016,norcorm,NORCO,CO,0,
2016,npjvbce,North Pacific Juniors,OR,0,
2016,op2vbok,Oklahoma Peak Performance,OK,0,
2016,otbvafl,OTVA,FL,82,4
2016,parvbch,Paramount Vbc,VA,0,
2016,phpvbho,Pineapple,IN,0,
2016,pohakha,Pohaku Volleyball Club,KS,0,
2016,powerha,KC Power,KS,67.1,16
2016,premrgp,Premier - NE Volleyball,NE,14.2,72
2016,pvakcha,PVA,MO,28.5,55
2016,pwrpxia,Power Plex,IA,0,
2016,revolaz,Revolution,AZ,20,92
2016,rwdthgw,Rockwood Thunder,MO,70.8,12
2016,scvbcsc,S Cal VBC,CA,0,
2016,sealbsc,Seal Beach VBC,CA,11,80
2016,sgeltsc,SG Elite VBC,CA,60.1,22
2016,sixpkia,Six Pack VBC,IA,0,
2016,skyhigl,Sky High VBC,IL,43,36
2016,skylnnt,Dallas Skyline Jr,TX,81.7,5
2016,spvbcgl,Sports Perf,IL,55.7,28
2016,starspm,Stars VBC,NC,0,
2016,stormaz,AZ Storm,AZ,47,31
2016,stvacls,South Texas Volleyball Academy,TX,0,
2016,sunshsc,Sunshine VBC,CA,72.3,10
2016,tavbcho,The Academy,IN,0,0
2016,tavbjho,Boiler Jrs VBC,IN,0,
2016,tavhols,TAV Houston,TX,0,
2016,tmdynha,Dynasty VB,KS,26,59
2016,tpfepsu,Texas Performance,TX,0,
2016,tribefl,Tribe VB,FL,25.2,60
2016,tristpr,Tri-State Elite,KY,0,
2016,trnglcr,Triangle VBC,NC,39.5,42
2016,tstrtsc,Tstreet Volleyball Club,CA,72.1,11
2016,tsvbafl,Top Select,FL,45.2,35
2016,txadvnt,TAV,TX,96.5,1
2016,vcnebgp,VCNebraska,NE,0,
2016,vsionnc,Vision VBC,CA,63.9,18
2016,wpvcbfl,Winter Park,FL,0,
2016,wvevbsc,WAVE,CA,77.8,7
2017,1unvbnt,1United,TX,0,
2017,a4volsc,A4 VBC,CA,49.8,28
2017,absolnc,Absolute VBC,CA,21,68
2017,acavcov,AVC,OH,77.3,12
2017,actyvsc,Actyve VBC,CA,0,
2017,afiveso,A5 Mizuno,GA,91.6,3
2017,ajvbals,Austin Junior Volleyball,TX,46.4,35
2017,akivapr,KIVA,KY,92.5,2
2017,alamols,Alamo VBA,TX,42.5,39
2017,alliagl,1st Alliance VBC,IL,47.4,32
2017,allvbso,Alliance VBC,TN,25.5,62
2017,aperfls,Austin Performance,TX,0,
2017,arvcasu,ARVC Adidas,NM,0,
2017,askylls,Austin Skyline,TX,0,
2017,avatxls,AVA of Texas,TX,29.7,53
2017,azskyaz,AZ Sky,AZ,0,
2017,caruncr,Carolina Union Vbc,NC,0,
2017,ccityho,Circle City,IN,64.2,21
2017,chargok,Oklahoma Charge VBC,OK,0,
2017,cityvsc,City VBC,CA,0,
2017,clubvim,Club V,UT,23.4,65
2017,coastsc,Coast VBC,CA,67.5,18
2017,cojrsrm,CoJo's,CO,38.5,43
2017,cpavbev,College Preparatory,FL,0,
2017,drivent,Drive Nation Volleyball Club,TX,0,
2017,elevaov,Elevation - Sports Express,OH,66.3,19
2017,excelnt,Excel Volleyball Club,TX,31.8,52
2017,forzasc,Forza1- CA,CA,0,
2017,forznsc,Forza1,CA,27.45,58
2017,fovbclk,Far Out,MI,38.6,42
2017,frogsnt,Mad Frog VBC,TX,36.3,47
2017,gjvbcfl,Gainesville Jrs,FL,0,
2017,gpontfl,GP Rox,FL,0,
2017,hoskyls,Houston Skyline Jr,TX,58.6,24
2017,houjrls,Houston Juniors,TX,48.5,30
2017,hpstlgw,HPSTL,MO,35.3,74
2017,hsvbals,Houston Stellar,TX,0,
2017,idcrsim,Idaho Crush VB,ID,21.7,89
2017,ievbcgl,IL Elite,IL,56,27
2017,jaxjrfl,JJVA,FL,0,
2017,jtaavfl,Jupiter VBC,FL,0,
2017,kairono,Kairos VBC,SD,0,
2017,ktvbcso,K2,TN,44,38
2017,legvclk,Legacy VBC,MI,57.9,25
2017,lightfl,Lightning VBA,FL,0,
2017,mavbcha,Asics MAVS,KS,25.7,81
2017,mavseha,MAVS 816,MO,0,
2017,metroch,Metro VBC,DC,46.2,36
2017,mhypefl,Miami Hype VBC,FL,0,
2017,mievalk,Michigan Elite Volleyball Academy,MI,63.4,22
2017,milonsc,Mizuno LB,CA,37.9,44
2017,mjvbade,Memphis Juniors VBA,TN,0,
2017,mlwstbg,Milwaukee Sting VBC,WI,69.1,17
2017,mnselno,MN Select,MN,33.9,49
2017,msprtov,Mintonette Sports,OH,80.7,8
2017,munvbho,Munciana,IN,83.4,6
2017,ncvbacr,Academy,NC,0,
2017,neonegp,Nebraska One,NE,0,
2017,nkyvcpr,NKYVC,KY,29.4,75
2017,nliteno,Mizuno N Lights,MN,81.1,7
2017,norcanc,NorCal VBC,CA,0,
2017,norcorm,NORCO,CO,19.2,91
2017,npjvbce,North Pacific Juniors,OR,0,
2017,op2vbok,Oklahoma Peak Performance,OK,14.5,70
2017,otbvafl,OTVA,FL,88.2,4
2017,parvbch,Paramount Vbc,VA,0,
2017,phpvbho,Pineapple,IN,0,
2017,pohakha,Pohaku Volleyball Club,KS,0,
2017,powerha,KC Power,KS,75.3,14
2017,premrgp,Premier - NE Volleyball,NE,49.5,29
2017,pvakcha,PVA,MO,27.5,57
2017,pwrpxia,Power Plex,IA,0,
2017,revolaz,Revolution,AZ,0,
2017,rwdthgw,Rockwood Thunder,MO,79,11
2017,scvbcsc,S Cal VBC,CA,0,
2017,sealbsc,Seal Beach VBC,CA,0,
2017,sgeltsc,SG Elite VBC,CA,71.8,15
2017,sixpkia,Six Pack VBC,IA,0,
2017,skyhigl,Sky High VBC,IL,27,78
2017,skylnnt,Dallas Skyline Jr,TX,84.2,5
2017,spvbcgl,Sports Perf,IL,62.1,23
2017,starspm,Stars VBC,NC,0,
2017,stormaz,AZ Storm,AZ,32.9,51
2017,stvacls,South Texas Volleyball Academy,TX,0,
2017,sunshsc,Sunshine VBC,CA,79.4,10
2017,tavbcho,The Academy,IN,0,0
2017,tavbjho,Boiler Jrs VBC,IN,0,
2017,tavhols,TAV Houston,TX,0,
2017,tmdynha,Dynasty VB,KS,35.7,48
2017,tpfepsu,Texas Performance,TX,0,
2017,tribefl,Tribe VB,FL,24.1,64
2017,tristpr,Tri-State Elite,KY,46.7,34
2017,trnglcr,Triangle VBC,NC,37.3,46
2017,tstrtsc,Tstreet Volleyball Club,CA,77.1,13
2017,tsvbafl,Top Select,FL,47.2,33
2017,txadvnt,TAV,TX,98.7,1
2017,vcnebgp,VCNebraska,NE,0,
2017,vsionnc,Vision VBC,CA,33.6,50
2017,wpvcbfl,Winter Park,FL,0,
2017,wvevbsc,WAVE,CA,71.6,16
2018,1unvbnt,1United,TX,0,
2018,a4volsc,A4 VBC,CA,63.25,28
2018,absolnc,Absolute VBC,CA,45.5,42
2018,acavcov,AVC,OH,58.65,32
2018,actyvsc,Actyve VBC,CA,0,
2018,afiveso,A5 Mizuno,GA,91.1,3
2018,ajvbals,Austin Junior Volleyball,TX,55.2,34
2018,akivapr,KIVA,KY,82.25,5
2018,alamols,Alamo VBA,TX,26.05,64
2018,alliagl,1st Alliance VBC,IL,47,39
2018,allvbso,Alliance VBC,TN,39.95,51
2018,aperfls,Austin Performance,TX,0,
2018,arvcasu,ARVC Adidas,NM,0,
2018,askylls,Austin Skyline,TX,0,
2018,avatxls,AVA of Texas,TX,28.25,62
2018,azskyaz,AZ Sky,AZ,0,
2018,caruncr,Carolina Union Vbc,NC,18.5,79
2018,ccityho,Circle City,IN,79.75,8
2018,chargok,Oklahoma Charge VBC,OK,0,
2018,cityvsc,City VBC,CA,0,
2018,clubvim,Club V,UT,73.2,13
2018,coastsc,Coast VBC,CA,89.6,4
2018,cojrsrm,CoJo's,CO,53.5,36
2018,cpavbev,College Preparatory,FL,0,
2018,drivent,Drive Nation Volleyball Club,TX,0,
2018,elevaov,Elevation - Sports Express,OH,63.3,27
2018,excelnt,Excel Volleyball Club,TX,62.75,29
2018,forzasc,Forza1- CA,CA,0,
2018,forznsc,Forza1,CA,35.7,57
2018,fovbclk,Far Out,MI,31.45,59
2018,frogsnt,Mad Frog VBC,TX,37.35,53
2018,gjvbcfl,Gainesville Jrs,FL,0,
2018,gpontfl,GP Rox,FL,0,
2018,hoskyls,Houston Skyline Jr,TX,68.65,18
2018,houjrls,Houston Juniors,TX,52.4,37
2018,hpstlgw,HPSTL,MO,31.1,60
2018,hsvbals,Houston Stellar,TX,0,
2018,idcrsim,Idaho Crush VB,ID,41.5,48
2018,ievbcgl,IL Elite,IL,29.7,73
2018,jaxjrfl,JJVA,FL,0,
2018,jtaavfl,Jupiter VBC,FL,0,
2018,kairono,Kairos VBC,SD,39.55,52
2018,ktvbcso,K2,TN,27.1,63
2018,legvclk,Legacy VBC,MI,64.5,25
2018,lightfl,Lightning VBA,FL,0,
2018,mavbcha,Asics MAVS,KS,45.5,71
2018,mavseha,MAVS 816,MO,0,
2018,metroch,Metro VBC,DC,56.25,33
2018,mhypefl,Miami Hype VBC,FL,0,
2018,mievalk,Michigan Elite Volleyball Academy,MI,43.3,47
2018,milonsc,Mizuno LB,CA,60.1,30
2018,mjvbade,Memphis Juniors VBA,TN,0,
2018,mlwstbg,Milwaukee Sting VBC,WI,66.9,21
2018,mnselno,MN Select,MN,48.25,38
2018,msprtov,Mintonette Sports,OH,70.8,15
2018,munvbho,Munciana,IN,78.05,9
2018,ncvbacr,Academy,NC,0,
2018,neonegp,Nebraska One,NE,0,
2018,nkyvcpr,NKYVC,KY,21.95,67
2018,nliteno,Mizuno N Lights,MN,69.7,16
2018,norcanc,NorCal VBC,CA,0,
2018,norcorm,NORCO,CO,25.3,65
2018,npjvbce,North Pacific Juniors,OR,0,
2018,op2vbok,Oklahoma Peak Performance,OK,14.8,86
2018,otbvafl,OTVA,FL,94.15,2
2018,parvbch,Paramount Vbc,VA,0,
2018,phpvbho,Pineapple,IN,0,
2018,pohakha,Pohaku Volleyball Club,KS,0,
2018,powerha,KC Power,KS,74.1,12
2018,premrgp,Premier - NE Volleyball,NE,45.7,41
2018,pvakcha,PVA,MO,0,
2018,pwrpxia,Power Plex,IA,0,
2018,revolaz,Revolution,AZ,12.3,90
2018,rwdthgw,Rockwood Thunder,MO,46.65,40
2018,scvbcsc,S Cal VBC,CA,0,
2018,sealbsc,Seal Beach VBC,CA,23.3,78
2018,sgeltsc,SG Elite VBC,CA,81.85,7
2018,sixpkia,Six Pack VBC,IA,0,
2018,skyhigl,Sky High VBC,IL,29,61
2018,skylnnt,Dallas Skyline Jr,TX,67.1,20
2018,spvbcgl,Sports Perf,IL,70.85,14
2018,starspm,Stars VBC,NC,0,
2018,stormaz,AZ Storm,AZ,65.05,24
2018,stvacls,South Texas Volleyball Academy,TX,0,
2018,sunshsc,Sunshine VBC,CA,82.15,6
2018,tavbcho,The Academy,IN,8,100
2018,tavbjho,Boiler Jrs VBC,IN,0,
2018,tavhols,TAV Houston,TX,0,
2018,tmdynha,Dynasty VB,KS,24.25,66
2018,tpfepsu,Texas Performance,TX,0,
2018,tribefl,Tribe VB,FL,16.25,83
2018,tristpr,Tri-State Elite,KY,69.65,17
2018,trnglcr,Triangle VBC,NC,43.75,44
2018,tstrtsc,Tstreet Volleyball Club,CA,58.75,31
2018,tsvbafl,Top Select,FL,66.5,22
2018,txadvnt,TAV,TX,94.65,1
2018,vcnebgp,VCNebraska,NE,0,
2018,vsionnc,Vision VBC,CA,67.85,19
2018,wpvcbfl,Winter Park,FL,0,
2018,wvevbsc,WAVE,CA,74.6,11
2019,1unvbnt,1United,TX,0,
2019,a4volsc,A4 VBC,CA,23.75,78
2019,absolnc,Absolute VBC,CA,42.35,42
2019,acavcov,AVC,OH,84.15,7
2019,actyvsc,Actyve VBC,CA,0,
2019,afiveso,A5 Mizuno,GA,90.05,2
2019,ajvbals,Austin Junior Volleyball,TX,48.8,35
2019,akivapr,KIVA,KY,69.35,18
2019,alamols,Alamo VBA,TX,26.85,59
2019,alliagl,1st Alliance VBC,IL,56.8,30
2019,allvbso,Alliance VBC,TN,0,
2019,aperfls,Austin Performance,TX,0,
2019,arvcasu,ARVC Adidas,NM,0,
2019,askylls,Austin Skyline,TX,13.25,94
2019,avatxls,AVA of Texas,TX,0,
2019,azskyaz,AZ Sky,AZ,0,
2019,caruncr,Carolina Union Vbc,NC,9.55,99
2019,ccityho,Circle City,IN,73.2,13
2019,chargok,Oklahoma Charge VBC,OK,0,
2019,cityvsc,City VBC,CA,0,
2019,clubvim,Club V,UT,72.2,14
2019,coastsc,Coast VBC,CA,87.85,4
2019,cojrsrm,CoJo's,CO,47.9,37
2019,cpavbev,College Preparatory,FL,0,
2019,drivent,Drive Nation Volleyball Club,TX,0,
2019,elevaov,Elevation - Sports Express,OH,69,20
2019,excelnt,Excel Volleyball Club,TX,55.35,31
2019,forzasc,Forza1- CA,CA,0,
2019,forznsc,Forza1,CA,48.6,36
2019,fovbclk,Far Out,MI,43.05,41
2019,frogsnt,Mad Frog VBC,TX,42,43
2019,gjvbcfl,Gainesville Jrs,FL,16.1,91
2019,gpontfl,GP Rox,FL,0,
2019,hoskyls,Houston Skyline Jr,TX,89.05,3
2019,houjrls,Houston Juniors,TX,65.55,24
2019,hpstlgw,HPSTL,MO,37.5,47
2019,hsvbals,Houston Stellar,TX,29.5,75
2019,idcrsim,Idaho Crush VB,ID,13,95
2019,ievbcgl,IL Elite,IL,0,
2019,jaxjrfl,JJVA,FL,0,
2019,jtaavfl,Jupiter VBC,FL,0,
2019,kairono,Kairos VBC,SD,0,
2019,ktvbcso,K2,TN,22.3,64
2019,legvclk,Legacy VBC,MI,67.55,21
2019,lightfl,Lightning VBA,FL,0,
2019,mavbcha,Asics MAVS,KS,69.65,17
2019,mavseha,MAVS 816,MO,0,
2019,metroch,Metro VBC,DC,71.8,16
2019,mhypefl,Miami Hype VBC,FL,0,100
2019,mievalk,Michigan Elite Volleyball Academy,MI,44.95,39
2019,milonsc,Mizuno LB,CA,61.55,26
2019,mjvbade,Memphis Juniors VBA,TN,0,
2019,mlwstbg,Milwaukee Sting VBC,WI,72.05,15
2019,mnselno,MN Select,MN,55.25,32
2019,msprtov,Mintonette Sports,OH,80.85,9
2019,munvbho,Munciana,IN,84.45,6
2019,ncvbacr,Academy,NC,13.9,70
2019,neonegp,Nebraska One,NE,0,
2019,nkyvcpr,NKYVC,KY,33.15,51
2019,nliteno,Mizuno N Lights,MN,66.8,22
2019,norcanc,NorCal VBC,CA,0,
2019,norcorm,NORCO,CO,0,
2019,npjvbce,North Pacific Juniors,OR,21,81
2019,op2vbok,Oklahoma Peak Performance,OK,0,
2019,otbvafl,OTVA,FL,75.95,11
2019,parvbch,Paramount Vbc,VA,0,
2019,phpvbho,Pineapple,IN,0,
2019,pohakha,Pohaku Volleyball Club,KS,0,
2019,powerha,KC Power,KS,58.1,29
2019,premrgp,Premier - NE Volleyball,NE,59.65,28
2019,pvakcha,PVA,MO,23.8,61
2019,pwrpxia,Power Plex,IA,0,
2019,revolaz,Revolution,AZ,28.6,56
2019,rwdthgw,Rockwood Thunder,MO,45.6,38
2019,scvbcsc,S Cal VBC,CA,0,
2019,sealbsc,Seal Beach VBC,CA,29.3,76
2019,sgeltsc,SG Elite VBC,CA,77.6,10
2019,sixpkia,Six Pack VBC,IA,28.3,58
2019,skyhigl,Sky High VBC,IL,36.4,49
2019,skylnnt,Dallas Skyline Jr,TX,86.8,5
2019,spvbcgl,Sports Perf,IL,65.9,23
2019,starspm,Stars VBC,NC,0,
2019,stormaz,AZ Storm,AZ,82.6,8
2019,stvacls,South Texas Volleyball Academy,TX,0,
2019,sunshsc,Sunshine VBC,CA,50.55,33
2019,tavbcho,The Academy,IN,17,88
2019,tavbjho,Boiler Jrs VBC,IN,0,
2019,tavhols,TAV Houston,TX,0,
2019,tmdynha,Dynasty VB,KS,39.05,45
2019,tpfepsu,Texas Performance,TX,0,
2019,tribefl,Tribe VB,FL,18.15,69
2019,tristpr,Tri-State Elite,KY,60.7,27
2019,trnglcr,Triangle VBC,NC,30.15,55
2019,tstrtsc,Tstreet Volleyball Club,CA,41.55,44
2019,tsvbafl,Top Select,FL,69.25,19
2019,txadvnt,TAV,TX,94.25,1
2019,vcnebgp,VCNebraska,NE,9.3,71
2019,vsionnc,Vision VBC,CA,50.1,34
2019,wpvcbfl,Winter Park,FL,0,
2019,wvevbsc,WAVE,CA,73.35,12
