endYear,clubCode,clubName,rank,totalPoints
2021,txadvnt,Texas Advantage Volleyball,1,95.8
2021,afiveso,Mizuno A5,2,91.22
2021,munvbho,Asics Munciana,3,84.71
2021,coastsc,Coast,4,83.6
2021,otbvafl,OTVA,5,83.22
2021,skylnnt,Dallas Skyline,6,81.37
2021,akivapr,Adidas KIVA,7,81.04
2021,rwdthgw,Rockwood Thunder,8,76.54
2021,wvevbsc,WAVE,9,75.82
2021,ccityho,Circle City,10,75.07
2021,msprtov,Mintonette Sports,11,74.49
2021,hoskyls,Houston Skyline,12,72.97
2021,nliteno,Mizuno Northern Lights,13,71.07
2021,acavcov,AVC - Cleveland,14,67.59
2021,mlwstbg,Milwaukee Sting,15,66.41
2021,sunshsc,Sunshine,16,66.39
2021,tstrtsc,Tstreet,17,64.63
2021,tristpr,Tri-State Elite,18,64.36
2021,premrgp,Premier - NE,19,63.64
2021,legvclk,Legacy - MI,20,63.36
2021,powerha,KC POWER,21,62.21
2021,elevaov,Elevation - OH,22,62.2
2021,sgeltsc,SG ELITE,23,62.03
2021,metroch,Metro - DC,24,61.92
2021,houjrls,Houston Juniors,25,61.74
2021,stormaz,AZ Storm,26,60.64
2021,alliagl,1st Alliance,27,56.01
2021,mievalk,Michigan Elite,28,55.19
2021,milonsc,Mizuno Long Beach,29,53.83
2021,mavbcha,Asics MAVS,30,53.3
2021,spvbcgl,Sports Performance,31,52.44
2021,tsvbafl,Top Select,32,52.28
2021,frogsnt,Madfrog,33,51.53
2021,mnselno,Minnesota Select,35,46.37
2021,excelnt,Excel - TX,36,46.35
2021,ajvbals,Austin Juniors,37,46.11
2021,clubvim,Club V,38,43.18
2021,cojrsrm,Colorado Juniors,40,39.11
2021,vsionnc,Vision - CA,41,39.01
2021,tmdynha,DYNASTY- KS,42,38.18
2021,ktvbcso,K2,43,38.07
2021,unionpr,UNION,44,37.7
2021,nkyvcpr,NKYVC,45,37.06
2021,absolnc,Absolute - CA,46,36.9
2021,elitegp,NE Elite,47,35.24
2021,a4volsc,A4 Volleyball,48,34.29
2021,alamols,Alamo,49,34.24
2021,trnglcr,Triangle,50,33.46
2021,fovbclk,Far Out,51,32.79
2021,ripornc,Rage - CA,53,31.86
2021,forzasc,Forza1,55,30.64
2021,tivbcho,Team Indiana,56,29.6
2021,hpstlgw,HPSTL,58,27.46
2021,starspm,Upward - SC,59,26.23
2021,tribefl,Tribe - FL,60,26.17
2021,advergl,Adversity - IL,63,25.67
2021,ievbcgl,Illini Elite,64,25.25
2021,sealbsc,Seal Beach,66,23.72
2021,vcutdgl,VC United,68,21.71
2021,pvakcha,PVA - MO,69,21.58
2021,revolaz,Revolution - AZ,71,21.28
2021,allvbso,Alliance VBC - TN,72,21.2
2021,skyhigl,Sky High,73,21.04
2021,drivent,Drive Nation Volleyball Club,74,20.77
2021,fcelibg,FC Elite - WI,75,20.13
2021,tavbcho,The Academy,78,18.8
2021,caruncr,Carolina Union ,79,18.38
2021,idcrsim,Idaho Crush,81,16.68
2021,norcorm,NORCO,83,16
2021,tavhols,TAV Houston,84,15.69
2021,norcanc,NoCal VBC,85,15.04
2021,ncvbacr,Academy - NC ,86,15.01
2021,gjvbcfl,Gainesville Jrs,89,13.36
2021,srfsdsc,Surfside Vbc,90,13.02
2021,sixpkia,Six Pack,94,11.81
2021,avatxls,AVA,96,11.33
2021,vcnebgp,VCNebraska,99,16.96
2022,afiveso,Mizuno A5,1,89.88
2022,coastsc,Coast,2,85.95
2022,txadvnt,Texas Advantage Volleyball,3,85
2022,otbvafl,OTVA,4,83.61
2022,munvbho,Asics Munciana,5,80.5
2022,skylnnt,Dallas Skyline,6,80.38
2022,wvevbsc,WAVE,7,79.72
2022,ccityho,Circle City,8,79.46
2022,hoskyls,Houston Skyline,9,78.89
2022,rwdthgw,Rockwood Thunder,10,75.88
2022,akivapr,Adidas KIVA,11,70.78
2022,premrgp,Premier - NE,12,70.11
2022,msprtov,Mintonette Sports,13,69.51
2022,frogsnt,Madfrog,14,67.65
2022,legvclk,Legacy - MI,15,67.18
2022,metroch,Metro - DC,16,66.58
2022,tristpr,Tri-State Elite,17,66.09
2022,houjrls,Houston Juniors,18,65.57
2022,acavcov,AVC - Cleveland,19,64.75
2022,alliagl,1st Alliance,20,64.55
2022,stormaz,AZ Storm,20,64.6
2022,mlwstbg,Milwaukee Sting,22,62.73
2022,nliteno,Mizuno Northern Lights,23,62.56
2022,tsvbafl,Top Select,24,61.68
2022,milonsc,Mizuno Long Beach,25,59.11
2022,powerha,KC POWER,26,58.85
2022,sunshsc,Sunshine,27,58.07
2022,elevaov,Elevation - OH,28,57.39
2022,tstrtsc,Tstreet,29,55.54
2022,clubvim,Club V,30,55.48
2022,sgeltsc,SG ELITE,31,54.67
2022,tmdynha,DYNASTY- KS,32,54.27
2022,mievalk,Michigan Elite,33,52.09
2022,ajvbals,Austin Juniors,34,50.83
2022,mavbcha,Asics MAVS,35,50.62
2022,nkyvcpr,NKYVC,36,47.46
2022,mnselno,Minnesota Select,37,47.35
2022,absolnc,Absolute - CA,38,46.65
2022,spvbcgl,Sports Performance,39,45.2
2022,excelnt,Excel - TX,40,42.62
2022,alamols,Alamo,41,41.64
2022,vsionnc,Vision - CA,42,40.62
2022,cojrsrm,Colorado Juniors,43,39.44
2022,unionpr,UNION,44,39.18
2022,drivent,Drive Nation Volleyball Club,45,37.66
2022,trnglcr,Triangle,46,36.94
2022,fovbclk,Far Out,47,34.96
2022,a4volsc,A4 Volleyball,48,33.6
2022,tribefl,Tribe - FL,49,32.8
2022,tivbcho,Team Indiana,51,32.48
2022,revolaz,Revolution - AZ,52,32.1
2022,ktvbcso,K2,53,31.46
2022,elitegp,NE Elite,54,30.15
2022,fcelibg,FC Elite - WI,55,30.09
2022,hpstlgw,HPSTL,56,29.11
2022,advergl,Adversity - IL,58,27.11
2022,tavbcho,The Academy,59,24.79
2022,ripornc,Rage - CA,59,24.83
2022,forzasc,Forza1,61,24.24
2022,pvakcha,PVA - MO,62,23.8
2022,sealbsc,Seal Beach,63,23.59
2022,ncvbacr,Academy - NC ,64,23.36
2022,vcutdgl,VC United,65,22.48
2022,gjvbcfl,Gainesville Jrs,67,22.36
2022,starspm,Upward - SC,68,21.97
2022,caruncr,Carolina Union ,70,21.3
2022,idcrsim,Idaho Crush,72,20.71
2022,tavhols,TAV Houston,73,20.56
2022,allvbso,Alliance VBC - TN,76,18.4
2022,gpontfl,Game Point,77,17.3
2022,ievbcgl,Illini Elite,78,17.1
2022,skyhigl,Sky High,78,17.06
2022,norcanc,NoCal VBC,81,16.58
2022,norcorm,NORCO,83,16
2022,askylls,Austin Skyline,84,15.26
2022,tavbjho,Boiler Jrs VBC,85,15.13
2022,azskyaz,AZ Sky,87,14.93
2022,sixpkia,Six Pack,89,14.41
2022,srfsdsc,Surfside Vbc,91,14.1
2022,pohakha,Pohaku Volleyball Club,92,13.9
2022,npjvbce,North Pacific Juniors,95,12.98
2022,revbcho,Rev - IN,96,12.62
2023,afiveso,Mizuno A5,1,88.9
2023,hoskyls,Houston Skyline,2,84.08
2023,txadvnt,Texas Advantage Volleyball,3,84.07
2023,otbvafl,OTVA,4,83.8
2023,wvevbsc,WAVE,5,83.69
2023,coastsc,Coast,6,82.97
2023,skylnnt,Dallas Skyline,7,82.15
2023,premrgp,Premier - NE,8,74.69
2023,ccityho,Circle City,9,73.92
2023,frogsnt,Madfrog,10,73.33
2023,alliagl,1st Alliance,11,73.21
2023,stormaz,AZ Storm,12,72.48
2023,akivapr,Adidas KIVA,13,71.01
2023,legvclk,Legacy - MI,14,70.92
2023,munvbho,Asics Munciana,15,70.89
2023,houjrls,Houston Juniors,16,70.72
2023,tristpr,Tri-State Elite,17,69.52
2023,msprtov,Mintonette Sports,18,68.97
2023,metroch,Metro - DC,19,68.16
2023,acavcov,AVC - Cleveland,20,67.53
2023,rwdthgw,Rockwood Thunder,21,67.39
2023,milonsc,Mizuno Long Beach,22,64.38
2023,nliteno,Mizuno Northern Lights,23,64.21
2023,mlwstbg,Milwaukee Sting,24,62.89
2023,elevaov,Elevation - OH,25,61.37
2023,tsvbafl,Top Select,26,59.8
2023,clubvim,Club V,27,59.36
2023,drivent,Drive Nation Volleyball Club,28,58.36
2023,powerha,KC POWER,29,57.91
2023,tmdynha,DYNASTY- KS,30,57.77
2023,mavbcha,Asics MAVS,31,57.67
2023,nkyvcpr,NKYVC,32,57.39
2023,sunshsc,Sunshine,33,50.27
2023,alamols,Alamo,34,48.47
2023,trnglcr,Triangle,35,48.41
2023,ajvbals,Austin Juniors,36,47.92
2023,tstrtsc,Tstreet,37,47.59
2023,sgeltsc,SG ELITE,38,45.24
2023,mievalk,Michigan Elite,39,44.67
2023,absolnc,Absolute - CA,40,44.48
2023,mnselno,Minnesota Select,41,44.16
2023,excelnt,Excel - TX,42,43.26
2023,vsionnc,Vision - CA,43,42.83
2023,tribefl,Tribe - FL,44,42.11
2023,cojrsrm,Colorado Juniors,45,40.06
2023,fcelibg,FC Elite - WI,46,37.36
2023,unionpr,UNION,47,35.45
2023,revolaz,Revolution - AZ,48,35.09
2023,hpstlgw,HPSTL,49,34.94
2023,spvbcgl,Sports Performance,50,34.15
2023,fovbclk,Far Out,51,33.1
2023,gpontfl,Game Point,52,31.96
2023,ncvbacr,Academy - NC ,53,29.97
2023,advergl,Adversity - IL,54,28.13
2023,tavbjho,Boiler Jrs VBC,55,27.53
2023,a4volsc,A4 Volleyball,56,27.05
2023,askylls,Austin Skyline,57,26.76
2023,tavbcho,The Academy,58,26.04
2023,starspm,Upward - SC,59,25.67
2023,gjvbcfl,Gainesville Jrs,60,25.25
2023,pvakcha,PVA - MO,61,25.15
2023,forzasc,Forza1,62,25.07
2023,ripornc,Rage - CA,63,24.76
2023,caruncr,Carolina Union ,64,24.11
2023,tivbcho,Team Indiana,65,24.08
2023,kairono,Kairos VBC ,66,23.98
2023,idcrsim,Idaho Crush,67,22.8
2023,phpvbho,Pineapple,68,22.49
2023,norcanc,NoCal VBC,70,21.44
2023,npjvbce,North Pacific Juniors,71,21.31
2023,azskyaz,AZ Sky,72,21.06
2023,pohakha,Pohaku Volleyball Club,73,21.05
2023,elitegp,NE Elite,74,21.03
2023,sixpkia,Six Pack,75,20.81
2023,ktvbcso,K2,76,20.66
2023,tavhols,TAV Houston,77,20.47
2023,srfsdsc,Surfside Vbc,78,20.44
2023,norcorm,NORCO,79,19.57
2023,vcutdgl,VC United,81,19.3
2023,revbcho,Rev - IN,82,19.26
2023,sealbsc,Seal Beach,83,18.72
2023,scvbcsc,S Cal VBC -CA,84,17.64
2023,cityvsc,City VBC,86,17.44
2023,ojvbcde,Ozark Jrs,88,16.98
2023,vcnebgp,VCNebraska,89,16.95
2023,mhypefl,Miami Hype VBC,90,16.82
2023,kuikaah,Ku Ilahi VBC,91,16.49
2023,nonamfl,No Name,94,16.26
2023,parvbch,Paramount VBC,95,15.68
2023,ievbcgl,Illini Elite,96,13.4
2023,neonegp,Nebraska One,96,14.8
2023,aperfls,Austin Performance,98,12.99
2023,allvbso,Alliance VBC - TN,100,12.97
2024,hoskyls,Houston Skyline,1,87
2024,afiveso,Mizuno A5,2,86.74
2024,txadvnt,Texas Advantage Volleyball,3,86.61
2024,skylnnt,Dallas Skyline,4,86.08
2024,wvevbsc,WAVE,5,85.46
2024,otbvafl,OTVA,6,82.01
2024,coastsc,Coast,7,81.91
2024,frogsnt,Madfrog,8,81.87
2024,alliagl,1st Alliance,9,79.03
2024,premrgp,Premier - NE,10,73.35
2024,legvclk,Legacy - MI,11,72.75
2024,houjrls,Houston Juniors,12,72.1
2024,stormaz,AZ Storm,13,71.03
2024,tristpr,Tri-State Elite,14,70.76
2024,milonsc,Mizuno Long Beach,15,69.89
2024,akivapr,Adidas KIVA,16,68.81
2024,msprtov,Mintonette Sports,17,68.15
2024,mlwstbg,Milwaukee Sting,17,68.15
2024,ccityho,Circle City,19,67.81
2024,clubvim,Club V,20,66.85
2024,metroch,Metro - DC,21,66.17
2024,rwdthgw,Rockwood Thunder,22,63.55
2024,acavcov,AVC - Cleveland,23,62.64
2024,nliteno,Mizuno Northern Lights,24,61.67
2024,munvbho,Asics Munciana,25,61.07
2024,elevaov,Elevation - OH,26,59.71
2024,tmdynha,DYNASTY- KS,27,59.64
2024,nkyvcpr,NKYVC,28,58.86
2024,powerha,KC POWER,29,55.33
2024,tsvbafl,Top Select,30,55.26
2024,trnglcr,Triangle,31,54.94
2024,mavbcha,Asics MAVS,32,54.85
2024,drivent,Drive Nation Volleyball Club,33,50.66
2024,tribefl,Tribe - FL,34,49.64
2024,tstrtsc,Tstreet,35,47.82
2024,alamols,Alamo,36,47.7
2024,mnselno,Minnesota Select,37,46.92
2024,vsionnc,Vision - CA,38,44.56
2024,ajvbals,Austin Juniors,39,43.09
2024,sgeltsc,SG ELITE,40,42.68
2024,hpstlgw,HPSTL,41,41.86
2024,azskyaz,AZ Sky,42,41.73
2024,gpontfl,Game Point,43,40.68
2024,revolaz,Revolution - AZ,44,40.33
2024,excelnt,Excel - TX,45,39.39
2024,mievalk,Michigan Elite,46,38.84
2024,cojrsrm,Colorado Juniors,47,38.19
2024,sunshsc,Sunshine,48,37.54
2024,absolnc,Absolute - CA,49,37.44
2024,ncvbacr,Academy - NC ,50,37.4
2024,askylls,Austin Skyline,51,35.19
2024,tavbcho,The Academy,52,32.54
2024,tavhols,TAV Houston,53,31.46
2024,scvbcsc,S Cal VBC -CA,54,31.25
2024,pohakha,Pohaku Volleyball Club,55,31.05
2024,phpvbho,Pineapple,56,29.97
2024,norcorm,NORCO,57,29.59
2024,spvbcgl,Sports Performance,58,28.6
2024,fovbclk,Far Out,59,28.54
2024,caruncr,Carolina Union ,60,28.45
2024,tavbjho,Boiler Jrs VBC,61,28.2
2024,forzasc,Forza1,62,27.59
2024,npjvbce,North Pacific Juniors,63,27.45
2024,kairono,Kairos VBC ,64,27.39
2024,fcelibg,FC Elite - WI,65,26.72
2024,vcnebgp,VCNebraska,66,26.23
2024,cityvsc,City VBC,67,25.56
2024,pvakcha,PVA - MO,68,25.55
2024,idcrsim,Idaho Crush,69,25.51
2024,a4volsc,A4 Volleyball,70,24.99
2024,sixpkia,Six Pack,71,24.52
2024,unionpr,UNION,72,23.01
2024,advergl,Adversity - IL,73,22.3
2024,gjvbcfl,Gainesville Jrs,73,22.3
2024,neonegp,Nebraska One,75,19.24
2024,norcanc,NoCal VBC,76,19.07
2024,mhypefl,Miami Hype VBC,77,19.05
2024,wpvcbfl,Winter Park VC,78,19.02
2024,sealbsc,Seal Beach,79,18.6
2024,ktvbcso,K2,80,18.41
2024,starspm,Upward - SC,81,18.08
2024,avatxls,AVA,82,17.68
2024,parvbch,Paramount VBC,83,16.55
2024,op2vbok,Oklahoma Peak,84,16.54
2024,aperfls,Austin Performance,85,16.3
2024,ievbcgl,Illini Elite,86,15.89
2024,pwrpxia,Power Plex VBC,87,15.33
2024,tivbcho,Team Indiana,88,15.18
2024,revbcho,Rev - IN,89,14.52
2024,ripornc,Rage - CA,90,14.38
2024,srfsdsc,Surfside Vbc,91,13.98
2024,skyhigl,Sky High,92,13.24
2024,vcutdgl,VC United,93,13.05
2024,ojvbcde,Ozark Jrs,94,12.85
2024,actyvsc,Actyve VBC,95,12.75
2024,elitegp,NE Elite,96,12.66
2024,kuikaah,Ku Ilahi VBC,97,12.35
2024,allvbso,Alliance VBC - TN,98,12.15
2024,sajvbls,SA Juniors,99,12.11
2024,nonamfl,No Name,100,12.04
